City_ID,City,Country,Lat,Lng,Max Temp,Humidity,Cloudiness,Wind Speed,Current Description
0,Hobart,AU,-42.8794,147.3294,55.06,85,4,1.01,clear sky
1,Deputatskiy,RU,69.3,139.9,-21.35,73,68,3.42,broken clouds
2,Avarua,CK,-21.2078,-159.775,78.85,89,75,13.8,broken clouds
3,Dikson,RU,73.5069,80.5464,4.48,93,100,17.0,light snow
4,Fortuna,US,40.5982,-124.1573,49.93,97,20,5.01,few clouds
5,Henties Bay,NA,-22.116,14.2845,71.85,84,63,5.61,broken clouds
6,La Ronge,CA,55.1001,-105.2842,-5.58,71,75,8.05,broken clouds
7,Kahului,US,20.8947,-156.47,69.84,88,1,6.91,clear sky
8,Hermanus,ZA,-34.4187,19.2345,69.91,78,0,4.81,clear sky
9,Rio Grande,BR,-32.035,-52.0986,93.31,73,13,15.39,few clouds
10,Qaanaaq,GL,77.484,-69.3632,5.0,60,99,7.45,overcast clouds
11,Albany,US,42.6001,-73.9662,29.44,57,69,4.0,broken clouds
12,Geraldton,AU,-28.7667,114.6,68.41,73,0,4.61,clear sky
13,Rikitea,PF,-23.1203,-134.9692,78.4,75,100,9.33,overcast clouds
14,Rio Cuarto,AR,-33.1307,-64.3499,82.17,61,40,16.11,scattered clouds
15,Axim,GH,4.8699,-2.2405,81.91,61,70,6.91,broken clouds
16,Busselton,AU,-33.65,115.3333,79.09,63,56,9.04,broken clouds
17,Butaritari,KI,3.0707,172.7902,81.7,75,73,17.63,broken clouds
18,Kathu,TH,7.9178,98.3332,78.62,74,7,8.08,clear sky
19,Barrow,US,71.2906,-156.7887,-18.38,69,100,6.91,snow
20,Mahebourg,MU,-20.4081,57.7,80.89,89,40,4.61,scattered clouds
21,Lubumbashi,CD,-11.6609,27.4794,64.33,95,84,2.53,broken clouds
22,Beloha,MG,-25.1667,45.05,71.46,76,100,11.68,overcast clouds
23,Muncie,US,40.1934,-85.3864,23.67,71,100,8.05,overcast clouds
24,Port Alfred,ZA,-33.5906,26.891,76.14,86,5,9.08,clear sky
25,Bechem,GH,7.0903,-2.025,82.08,23,77,2.59,broken clouds
26,Punta Arenas,CL,-53.15,-70.9167,69.82,45,0,6.91,clear sky
27,Gavle,SE,60.6745,17.1417,34.5,67,8,8.01,clear sky
28,Partizansk,RU,43.1258,133.1339,-0.78,85,6,6.15,clear sky
29,Seoul,KR,37.5683,126.9778,20.64,86,0,2.3,clear sky
30,Gwadar,PK,25.1216,62.3254,73.47,83,1,18.92,clear sky
31,Bethel,US,41.3712,-73.414,33.08,79,100,1.99,overcast clouds
32,Yulara,AU,-25.2406,130.9889,73.24,78,56,12.66,broken clouds
33,The Valley,AI,18.217,-63.0578,82.54,65,40,16.11,scattered clouds
34,Castro,BR,-24.7911,-50.0119,81.52,58,19,3.65,few clouds
35,Port Macquarie,AU,-31.4333,152.9167,64.36,77,99,11.12,overcast clouds
36,Arraial Do Cabo,BR,-22.9661,-42.0278,87.76,74,0,20.71,clear sky
37,Souillac,MU,-20.5167,57.5167,81.36,89,40,4.61,scattered clouds
38,Suclayin,PH,15.7568,121.5503,71.58,96,99,3.69,overcast clouds
39,Dalaba,GN,10.7,-12.25,76.96,14,58,5.35,broken clouds
40,Shubarshi,KZ,48.5872,57.1869,10.74,87,100,6.58,overcast clouds
41,Kuryk,KZ,43.2,51.65,32.9,92,100,21.27,light snow
42,Tuy Hoa,VN,13.0833,109.3,71.28,88,65,5.61,broken clouds
43,Atuona,PF,-9.8,-139.0333,78.64,76,64,24.05,broken clouds
44,Jamame,SO,0.0722,42.7506,78.12,81,21,10.98,few clouds
45,Ushuaia,AR,-54.8,-68.3,67.62,34,3,4.68,clear sky
46,Embonas,GR,36.2269,27.8564,44.83,70,26,3.91,scattered clouds
47,Saint-Philippe,RE,-21.3585,55.7679,80.15,82,66,5.08,broken clouds
48,Lavrentiya,RU,65.5833,-171.0,-21.21,92,26,9.19,scattered clouds
49,Quelimane,MZ,-17.8786,36.8883,73.56,85,44,5.84,scattered clouds
50,Ilulissat,GL,69.2167,-51.1,21.22,86,100,8.05,light snow
51,Kudahuvadhoo,MV,2.6708,72.8944,81.41,70,57,6.93,broken clouds
52,Nkhotakota,MW,-12.9274,34.2961,73.49,83,36,1.86,light rain
53,Pak Phanang,TH,8.3511,100.202,77.49,78,17,8.46,few clouds
54,Severo-Kurilsk,RU,50.6789,156.125,30.11,78,100,28.3,overcast clouds
55,Mataura,NZ,-46.1927,168.8643,54.48,96,100,7.47,light rain
56,Ketchikan,US,55.3422,-131.6461,42.78,93,100,0.0,overcast clouds
57,Ponta Do Sol,PT,32.6667,-17.1,68.13,41,100,16.89,overcast clouds
58,Springfield,US,37.2153,-93.2982,20.52,54,0,7.0,clear sky
59,Fukue,JP,32.6881,128.8419,46.29,67,100,16.2,overcast clouds
60,San Patricio,US,28.017,-97.5169,44.69,46,100,19.77,overcast clouds
61,Kapaa,US,22.0752,-159.319,69.78,100,0,6.91,clear sky
62,Torbay,CA,47.6666,-52.7314,43.75,93,100,23.02,light rain
63,East London,ZA,-33.0153,27.9116,79.74,78,0,8.05,clear sky
64,Vardo,NO,70.3705,31.1107,26.8,93,20,9.22,few clouds
65,Lebu,CL,-37.6167,-73.65,61.92,53,0,9.13,clear sky
66,Yellowknife,CA,62.456,-114.3525,-10.68,77,100,8.05,light snow
67,Cape Town,ZA,-33.9258,18.4232,71.28,63,0,5.01,clear sky
68,Bay Roberts,CA,47.5999,-53.2648,44.51,91,99,13.0,moderate rain
69,Quatre Cocos,MU,-20.2078,57.7625,81.09,80,89,8.05,overcast clouds
70,Faanui,PF,-16.4833,-151.75,81.32,78,100,22.28,light rain
71,Hithadhoo,MV,-0.6,73.0833,82.44,73,84,8.39,broken clouds
72,Provideniya,RU,64.3833,-173.3,-12.28,86,14,5.39,few clouds
73,Yumen,CN,40.2833,97.2,24.35,38,1,7.67,clear sky
74,Gornopravdinsk,RU,60.05,69.9,17.46,93,98,7.56,overcast clouds
75,Lagoa,PT,39.05,-27.9833,61.88,84,86,19.66,overcast clouds
76,Sioux Lookout,CA,50.1001,-91.917,-14.42,76,0,3.44,clear sky
77,Esperance,AU,-33.8667,121.9,58.84,88,1,11.07,clear sky
78,Pitimbu,BR,-7.4706,-34.8086,88.39,67,2,11.43,clear sky
79,Vaini,TO,-21.2,-175.2,81.61,79,6,19.13,clear sky
80,Mount Isa,AU,-20.7333,139.5,76.77,94,75,6.91,broken clouds
81,Shepsi,RU,44.0361,39.1489,33.91,65,74,12.53,snow
82,Coquimbo,CL,-29.9533,-71.3436,67.73,59,0,14.97,clear sky
83,Aksarka,RU,66.5606,67.7975,15.22,86,93,19.37,overcast clouds
84,Grand Forks,US,47.9417,-97.4337,-9.22,72,0,8.05,clear sky
85,Bredasdorp,ZA,-34.5322,20.0403,69.28,64,0,10.36,clear sky
86,Bud,US,39.447,-86.1758,24.82,66,65,9.78,broken clouds
87,Isangel,VU,-19.55,169.2667,78.93,89,75,9.04,broken clouds
88,Jamestown,US,42.097,-79.2353,19.09,51,100,8.01,overcast clouds
89,Santiago,CL,-33.4569,-70.6483,83.28,23,40,8.05,scattered clouds
90,Cabo San Lucas,MX,22.8909,-109.9124,76.51,72,100,1.01,overcast clouds
91,Chuy,UY,-33.6971,-53.4616,83.79,71,34,12.12,scattered clouds
92,Izhma,RU,65.0083,53.9113,16.81,93,100,12.73,light snow
93,Bluff,NZ,-46.6,168.3333,54.81,75,99,18.19,light rain
94,Dasoguz,TM,41.8363,59.9666,28.35,100,75,9.22,broken clouds
95,Roma,US,43.2128,-75.4557,18.52,58,0,14.97,clear sky
96,Magnolia,US,33.2671,-93.2393,35.28,34,100,10.49,overcast clouds
97,Tigil,RU,57.8,158.6667,-5.82,94,6,3.51,clear sky
98,Baley,RU,51.6,116.6333,-5.03,100,100,0.74,overcast clouds
99,Kodiak,US,57.79,-152.4072,24.31,80,0,3.44,clear sky
100,Kaitangata,NZ,-46.2817,169.8464,56.93,79,100,12.03,overcast clouds
101,Acajutla,SV,13.5928,-89.8275,87.8,51,4,8.61,clear sky
102,Omsukchan,RU,62.5333,155.8,-16.42,56,0,2.64,clear sky
103,Saint-Augustin,CA,51.226,-58.6502,11.07,92,100,7.23,light snow
104,Olafsvik,IS,64.8945,-23.7142,43.92,96,100,23.58,overcast clouds
105,Suruc,TR,36.9761,38.425,26.8,61,0,6.93,clear sky
106,Santiago Del Estero,AR,-27.7951,-64.2615,94.51,43,11,9.95,few clouds
107,Alta Floresta,BR,-9.8756,-56.0861,89.42,62,40,5.75,scattered clouds
108,Lompoc,US,34.6391,-120.4579,71.13,73,20,1.01,few clouds
109,Baykit,RU,61.67,96.37,10.51,97,99,2.86,light snow
110,Abonnema,NG,4.7084,6.7931,80.13,42,63,7.81,broken clouds
111,Sao Joao Da Barra,BR,-21.6403,-41.0511,87.89,80,15,11.74,few clouds
112,Abu Dhabi,AE,24.4667,54.3667,69.96,65,41,19.75,scattered clouds
113,Klaksvik,FO,62.2266,-6.589,43.72,87,100,23.76,overcast clouds
114,Berlevag,NO,70.8578,29.0864,33.8,77,87,33.04,snow
115,Akyab,MM,20.15,92.9,65.48,72,17,6.91,few clouds
116,Conceicao Do Araguaia,BR,-8.2578,-49.2647,87.84,56,63,4.54,broken clouds
117,Dunedin,NZ,-45.8742,170.5036,57.79,81,100,5.99,overcast clouds
118,Mount Gambier,AU,-37.8333,140.7667,62.51,67,0,6.91,clear sky
119,Bam,IR,29.106,58.357,55.42,45,0,4.56,clear sky
120,Salima,MW,-13.7804,34.4587,70.34,88,35,3.47,scattered clouds
121,Bonnyville,CA,54.2668,-110.735,2.52,88,100,13.09,light snow
122,Sijunjung,ID,-0.6876,100.9537,70.92,96,85,1.74,overcast clouds
123,Sitka,US,57.0531,-135.33,40.89,87,100,12.66,mist
124,Ketou,BJ,7.3633,2.5998,89.44,17,47,1.05,scattered clouds
125,Nikolskoye,RU,59.7035,30.7861,34.88,92,100,7.63,snow
126,Ancud,CL,-41.8697,-73.8203,67.53,65,68,11.12,broken clouds
127,Saldanha,ZA,-33.0117,17.9442,75.25,84,0,20.92,clear sky
128,Dolgoderevenskoye,RU,55.3444,61.3444,5.34,85,95,4.47,mist
129,Dali,CN,25.7,100.1833,39.79,87,63,5.41,broken clouds
130,Portugalete,ES,43.321,-3.0206,51.28,86,75,2.3,broken clouds
131,Victoria,HK,22.2855,114.1577,64.38,84,80,1.99,broken clouds
132,Hilo,US,19.7297,-155.09,70.25,90,100,0.0,moderate rain
133,Taksimo,RU,56.3444,114.8794,-17.99,95,25,0.81,scattered clouds
134,Pokhara,NP,28.2333,83.9833,52.05,62,95,3.44,overcast clouds
135,Abu Samrah,SY,35.3029,37.1841,37.31,73,8,10.22,clear sky
136,Saint-Pierre,RE,-21.3393,55.4781,80.24,88,75,2.3,broken clouds
137,Flin Flon,CA,54.7682,-101.865,-20.36,69,20,9.22,few clouds
138,Ugoofaaru,MV,5.6667,73.0,81.39,68,26,9.35,scattered clouds
139,Edgewater,US,28.9889,-80.9023,78.3,49,20,11.5,few clouds
140,Ankang,CN,32.68,109.0172,39.65,70,100,4.47,overcast clouds
141,Vallenar,CL,-28.5708,-70.7581,88.03,27,0,11.52,clear sky
142,Mehamn,NO,71.0357,27.8492,33.98,86,75,40.29,light intensity shower rain
143,Winona,US,43.9666,-91.7668,1.44,65,1,0.0,clear sky
144,Bonavista,CA,48.6499,-53.1147,41.11,89,100,24.83,overcast clouds
145,Mar Del Plata,AR,-38.0023,-57.5575,74.08,93,100,15.01,overcast clouds
146,Tasiilaq,GL,65.6145,-37.6368,30.36,97,100,21.03,snow
147,Mareeba,AU,-17.0,145.4333,72.45,94,100,1.72,overcast clouds
148,Banda Aceh,ID,5.5577,95.3222,77.77,77,15,3.89,few clouds
149,Tamandare,BR,-8.7597,-35.1047,84.72,64,9,8.63,clear sky
150,Saint Anthony,US,45.0205,-93.218,0.09,67,0,1.01,clear sky
151,Cherskiy,RU,68.75,161.3,-38.61,99,23,2.48,few clouds
152,Boa Vista,BR,2.8197,-60.6733,89.58,45,75,11.5,broken clouds
153,Georgetown,MY,5.4112,100.3354,82.89,90,20,1.99,few clouds
154,Chokurdakh,RU,70.6333,147.9167,-33.39,96,61,7.27,broken clouds
155,New Norfolk,AU,-42.7826,147.0587,54.72,73,14,2.95,few clouds
156,Upernavik,GL,72.7868,-56.1549,9.7,91,100,25.23,overcast clouds
157,Kungurtug,RU,50.5994,97.5228,5.92,97,100,1.81,overcast clouds
158,Sorland,NO,67.667,12.6934,30.27,68,100,29.37,light snow
159,Kavieng,PG,-2.5744,150.7967,79.39,80,100,11.23,overcast clouds
160,Casino,AU,-28.8667,153.05,73.15,94,94,9.22,overcast clouds
161,Mandalgovi,MN,45.7625,106.2708,7.81,76,100,7.09,overcast clouds
162,Hualmay,PE,-11.0964,-77.6139,76.37,74,58,13.09,broken clouds
163,Kalmunai,LK,7.4167,81.8167,73.81,69,84,6.08,broken clouds
164,Natchez,US,31.5604,-91.4032,35.04,77,100,17.27,overcast clouds
165,Pathein,MM,16.7833,94.7333,68.99,85,13,5.57,few clouds
166,Port Elizabeth,ZA,-33.918,25.5701,68.29,88,75,17.27,broken clouds
167,Dingle,PH,10.9995,122.6711,72.73,91,71,6.96,broken clouds
168,Mocuba,MZ,-16.8392,36.9856,70.63,97,53,4.18,light rain
169,Longyearbyen,SJ,78.2186,15.6401,10.24,79,20,2.3,few clouds
170,Vila Franca Do Campo,PT,37.7167,-25.4333,67.19,85,20,17.25,few clouds
171,Urumqi,CN,43.801,87.6005,18.55,100,75,2.24,light snow
172,Verkhoyansk,RU,67.5447,133.385,-38.92,97,41,1.1,scattered clouds
173,Mogadishu,SO,2.0371,45.3438,78.85,82,26,19.69,scattered clouds
174,Ribeira Grande,PT,38.5167,-28.7,66.6,72,20,23.02,few clouds
175,Aitape,PG,-3.1374,142.3475,76.71,91,100,1.9,overcast clouds
176,Samarai,PG,-10.6167,150.6667,80.26,81,98,12.1,overcast clouds
177,Tuktoyaktuk,CA,69.4541,-133.0374,-25.6,68,40,13.8,scattered clouds
178,Clyde River,CA,70.4692,-68.5914,-0.17,85,100,5.75,light snow
179,Cockburn Town,TC,21.4612,-71.1419,78.58,74,1,19.66,clear sky
180,Neyvo-Shaytanskiy,RU,57.7286,61.2496,14.52,93,77,7.76,broken clouds
181,Lakes Entrance,AU,-37.8811,147.981,53.58,91,6,4.76,clear sky
182,Nanortalik,GL,60.1432,-45.2371,28.78,88,100,19.69,snow
183,Tabas,IR,33.5959,56.9244,48.49,26,0,2.51,clear sky
184,Hvolsvollur,IS,63.7533,-20.2243,45.27,93,100,12.8,overcast clouds
185,Yendi,GH,9.4427,-0.0099,85.89,10,19,5.35,few clouds
186,Jalu,LY,29.0331,21.5482,55.94,46,7,2.3,clear sky
187,Sao Raimundo Das Mangabeiras,BR,-7.0219,-45.4811,87.13,56,26,4.54,scattered clouds
188,Saskylakh,RU,71.9167,114.0833,-22.56,99,50,5.99,scattered clouds
189,Wasilla,US,61.5814,-149.4394,27.52,89,100,4.61,overcast clouds
190,Nisia Floresta,BR,-6.0911,-35.2086,90.41,55,22,14.12,few clouds
191,Marawi,PH,7.9986,124.2928,65.64,92,100,1.79,overcast clouds
192,Beringovskiy,RU,63.05,179.3167,-20.96,88,5,11.16,clear sky
193,Labuhan,ID,-6.8844,112.2051,75.31,85,100,5.55,overcast clouds
194,Makat,KZ,47.6469,53.3463,26.37,96,100,10.47,overcast clouds
195,Auki,SB,-8.7676,160.7034,76.78,92,100,6.8,moderate rain
196,Kupang,ID,-10.1667,123.5833,76.42,89,100,8.23,overcast clouds
197,Puerto Ayora,EC,-0.7393,-90.3518,84.16,86,99,8.61,overcast clouds
198,Broome,US,42.2506,-75.833,22.17,67,20,5.01,few clouds
199,Nome,US,64.5011,-165.4064,6.87,66,100,11.5,light snow
200,Lufilufi,WS,-13.8745,-171.5986,76.78,79,99,23.51,light rain
201,Aksu,CN,41.1231,80.2644,26.51,44,1,3.0,clear sky
202,Avezzano,IT,42.0402,13.4388,43.12,88,100,3.0,overcast clouds
203,Juneau,US,58.3019,-134.4197,37.85,94,100,12.66,light rain
204,Baoro,CF,5.6667,15.9667,74.32,24,69,5.82,broken clouds
205,Champerico,GT,14.3,-91.9167,90.77,61,12,10.04,few clouds
206,Lugovoy,KZ,42.9472,72.7644,27.27,79,9,6.04,clear sky
207,Kabompo,ZM,-13.5927,24.2008,65.82,92,76,2.89,light rain
208,Girona,ES,41.9831,2.8249,53.35,72,20,1.01,few clouds
209,Sharya,RU,58.3686,45.5144,20.62,92,100,10.45,overcast clouds
210,Vila,PT,42.0304,-8.1588,49.08,79,4,4.41,clear sky
211,Pochutla,MX,15.7432,-96.4661,86.83,44,0,7.4,clear sky
212,Tucuman,AR,-26.8241,-65.2226,75.2,83,100,6.91,overcast clouds
213,Tiksi,RU,71.6872,128.8694,-5.3,84,100,14.29,overcast clouds
214,Turayf,SA,31.6725,38.6637,37.65,75,0,6.91,clear sky
215,Imbituba,BR,-28.24,-48.6703,91.29,67,1,15.64,clear sky
216,Santa Maria,BR,-29.6842,-53.8069,97.9,41,20,6.91,few clouds
217,Zhigansk,RU,66.7697,123.3711,-16.13,97,100,17.49,overcast clouds
218,Pozhva,RU,59.0912,56.0847,19.24,93,100,12.46,light snow
219,Rawson,AR,-43.3002,-65.1023,64.69,100,75,18.41,drizzle
220,Marsa Matruh,EG,31.3525,27.2453,55.6,62,40,4.61,scattered clouds
221,Santo Antonio Do Sudoeste,BR,-26.0736,-53.7253,97.7,25,28,1.95,scattered clouds
222,Westport,US,41.1415,-73.3579,34.41,84,100,1.99,light snow
223,Bambous Virieux,MU,-20.3428,57.7575,81.21,89,40,4.61,scattered clouds
224,Kattivakkam,IN,13.2167,80.3167,78.89,74,21,6.35,few clouds
225,Townsville,AU,-19.25,146.8,79.68,69,98,9.22,overcast clouds
226,Bengkulu,ID,-3.8004,102.2655,75.09,88,100,5.03,heavy intensity rain
227,Norman Wells,CA,65.282,-126.8329,-12.96,70,100,14.97,light snow
228,Khatanga,RU,71.9667,102.5,-13.56,93,99,6.26,overcast clouds
229,Marystown,CA,47.1666,-55.1483,41.86,100,100,5.01,overcast clouds
230,Alofi,NU,-19.0595,-169.9187,78.69,83,55,13.8,broken clouds
231,Hirara,JP,24.8,125.2833,65.46,65,96,18.99,overcast clouds
232,Bathsheba,BB,13.2167,-59.5167,84.81,58,40,24.16,scattered clouds
233,Luocheng,CN,29.3848,104.0286,48.24,89,100,0.85,overcast clouds
234,Deltona,US,28.9005,-81.2637,78.13,53,1,1.01,clear sky
235,Khandbari,NP,27.3747,87.2039,47.86,84,93,3.13,overcast clouds
236,Korla,CN,41.7597,86.1469,29.48,46,94,6.22,overcast clouds
237,Qasigiannguit,GL,68.8193,-51.1922,21.45,97,100,4.21,overcast clouds
238,Sambava,MG,-14.2667,50.1667,75.83,93,100,10.54,moderate rain
239,Tautira,PF,-17.7333,-149.15,80.62,79,100,20.54,overcast clouds
240,Hartselle,US,34.4434,-86.9353,34.84,97,100,16.49,overcast clouds
241,Moskovskiy,RU,55.5991,37.355,26.67,88,100,8.99,light snow
242,Port Hardy,CA,50.6996,-127.4199,44.76,93,100,10.36,light intensity shower rain
243,Caravelas,BR,-17.7125,-39.2481,83.71,61,2,9.08,clear sky
244,Ban Nahin,LA,18.2418,104.2122,60.48,88,7,4.14,clear sky
245,Nouakchott,MR,18.0858,-15.9785,84.13,46,95,11.36,overcast clouds
246,Kruisfontein,ZA,-34.0033,24.7314,67.91,80,2,15.97,clear sky
247,Araouane,ML,18.9048,-3.5265,70.65,14,1,8.81,clear sky
248,Port Lincoln,AU,-34.7333,135.8667,70.65,75,100,11.05,overcast clouds
249,Arshan,RU,46.2732,44.22,19.45,92,40,6.71,scattered clouds
250,Dire Dawa,ET,9.5931,41.8661,69.39,70,12,9.51,light rain
251,Naze,JP,28.3667,129.4833,52.41,62,75,10.07,broken clouds
252,Allanridge,ZA,-27.7543,26.6438,76.6,69,37,2.75,scattered clouds
253,Charters Towers,AU,-20.1,146.2667,72.28,76,94,8.81,overcast clouds
254,Kawalu,ID,-7.3817,108.2082,70.83,95,100,1.68,overcast clouds
255,Kailua,US,21.4022,-157.7394,75.18,82,0,0.0,clear sky
256,Ballina,AU,-28.8667,153.5667,73.36,38,40,18.41,light rain
257,Clonakilty,IE,51.6231,-8.8706,43.81,83,3,6.13,clear sky
258,Rybachiy,RU,48.7073,44.7449,17.46,99,71,0.87,broken clouds
259,Tura,IN,25.5198,90.2201,56.64,74,58,2.71,broken clouds
260,Itoman,JP,26.1247,127.6694,59.02,58,40,9.22,scattered clouds
261,Trinidad,BO,-14.8333,-64.9,89.58,66,40,9.22,scattered clouds
262,Ialibu,PG,-6.2821,143.9935,54.54,98,97,2.91,overcast clouds
263,Klyuchi,RU,52.2667,79.1667,-5.69,100,61,2.93,broken clouds
264,Chengannur,IN,9.3333,76.6333,73.74,83,46,2.06,scattered clouds
265,Durania,CO,7.7131,-72.6576,76.12,44,93,5.59,overcast clouds
266,Talnakh,RU,69.4865,88.3972,6.39,95,100,12.19,light snow
267,Sfantu Gheorghe,RO,45.8667,25.7833,31.26,88,47,4.59,light snow
268,Oudtshoorn,ZA,-33.5907,22.2014,66.56,48,0,9.46,clear sky
269,Usinsk,RU,65.9939,57.5281,14.9,91,100,27.09,light snow
270,Zhezkazgan,KZ,47.8043,67.7144,11.5,97,92,7.31,overcast clouds
271,Jaisalmer,IN,26.9147,70.9181,65.14,37,0,8.1,clear sky
272,Laguna,US,38.421,-121.4238,60.08,84,1,1.01,clear sky
273,Cidreira,BR,-30.1811,-50.2056,82.56,75,22,10.25,few clouds
274,Kununurra,AU,-15.7667,128.7333,80.58,89,75,4.61,light rain
275,Bilibino,RU,68.0546,166.4372,-29.88,86,5,3.71,clear sky
276,Bubaque,GW,11.2833,-15.8333,79.05,74,72,12.75,broken clouds
277,Shagonar,RU,51.5333,92.8,11.46,96,100,0.29,overcast clouds
278,Buchanan,LR,5.8808,-10.0467,87.76,70,85,9.19,overcast clouds
279,Lata,PT,40.1629,-8.3327,56.8,73,1,3.47,clear sky
280,Treinta Y Tres,UY,-33.2333,-54.3833,94.46,47,42,4.16,scattered clouds
281,Mbandaka,CD,0.0487,18.2603,78.28,44,94,2.46,overcast clouds
282,Dingzhou,CN,38.5131,114.9956,26.71,59,7,3.8,clear sky
283,Slavyanka,RU,42.8633,131.3847,9.21,66,1,11.05,clear sky
284,Karasburg,NA,-28.0167,18.75,73.94,54,100,19.04,light rain
285,Waki,JP,34.0667,134.15,40.01,86,53,6.55,broken clouds
286,Chikwawa,MW,-16.0335,34.8009,74.5,77,62,2.62,broken clouds
287,Kinablangan,PH,7.6947,126.5503,77.11,82,100,4.9,overcast clouds
288,Leningradskiy,RU,69.3833,178.4167,-34.96,93,14,1.88,few clouds
289,Xaltianguis,MX,17.0667,-99.8333,74.71,47,7,5.37,clear sky
290,Sterling,US,39.0062,-77.4286,37.54,75,100,1.01,overcast clouds
291,Tena,EC,-0.9833,-77.8167,80.76,50,98,3.15,overcast clouds
292,Tongren,CN,27.7172,109.1853,46.0,94,100,3.8,light rain
293,Mari,BR,-7.06,-35.3194,93.69,40,7,18.1,clear sky
294,Nuevitas,CU,21.5453,-77.2644,85.44,62,9,11.1,clear sky
295,Miramar,US,25.9873,-80.2323,81.01,68,100,10.36,overcast clouds
296,Maniitsoq,GL,65.4167,-52.9,14.86,79,100,10.8,overcast clouds
297,Tual,ID,-5.6667,132.75,81.66,80,100,16.4,overcast clouds
298,Okha,RU,53.5739,142.9478,-2.09,90,100,16.78,overcast clouds
299,Koindu,GN,8.4386,-10.3253,85.8,16,78,2.24,broken clouds
300,San Vicente,AR,-26.6167,-54.1333,91.33,33,43,1.45,light rain
301,Vestmanna,FO,62.1564,-7.1664,41.92,93,90,19.57,overcast clouds
302,Thinadhoo,MV,0.5333,72.9333,81.82,72,91,4.05,overcast clouds
303,Nata,PA,8.3333,-80.5167,89.47,45,7,15.9,clear sky
304,Pacific Grove,US,36.6177,-121.9166,63.81,68,0,5.01,clear sky
305,Solwezi,ZM,-12.1688,26.3894,62.2,96,77,4.21,light rain
306,Pangody,RU,65.85,74.4859,13.48,89,90,18.23,overcast clouds
307,Lorengau,PG,-2.0226,147.2712,80.47,73,100,8.03,overcast clouds
308,Roquetas De Mar,ES,36.7642,-2.6148,57.2,65,6,3.85,clear sky
309,Dakar,SN,14.6937,-17.4441,92.28,61,0,6.91,clear sky
310,Iqaluit,CA,63.7506,-68.5145,-20.31,68,20,1.99,few clouds
311,Pahrump,US,36.2083,-115.9839,54.05,42,0,1.99,clear sky
312,Necochea,AR,-38.5473,-58.7368,71.04,76,100,17.11,overcast clouds
313,Goundam,ML,16.4145,-3.6708,74.61,12,4,10.94,clear sky
314,Atar,MR,20.5169,-13.0499,85.21,10,92,11.52,overcast clouds
315,Gizycko,PL,54.0381,21.7644,28.63,94,68,17.78,light snow
316,Estelle,US,29.8458,-90.1067,48.25,86,100,5.99,overcast clouds
317,Tabou,CI,4.423,-7.3528,81.55,68,53,6.93,broken clouds
318,Apex,US,35.7327,-78.8503,49.41,88,90,0.0,light rain
319,Gamba,GA,-2.65,10.0,77.31,84,90,5.1,overcast clouds
320,Balad,IQ,34.0164,44.1453,43.43,29,33,12.15,scattered clouds
321,Omboue,GA,-1.5746,9.2618,77.38,85,90,5.57,light rain
322,Kavaratti,IN,10.5669,72.642,80.67,71,70,11.41,broken clouds
323,Kalat,PK,29.0225,66.5916,42.66,81,1,5.3,clear sky
324,Jumla,NP,29.2747,82.1838,32.83,95,94,2.1,light snow
325,Sao Filipe,CV,14.8961,-24.4956,73.36,79,91,6.29,overcast clouds
326,Port Hedland,AU,-20.3167,118.5667,86.05,79,75,8.05,broken clouds
327,Maneadero,MX,31.7167,-116.5667,62.1,63,0,1.99,clear sky
328,Uong Bi,VN,21.0333,106.7833,62.58,76,100,2.44,overcast clouds
329,Codrington,AU,-38.2667,141.9667,57.63,81,2,7.7,clear sky
330,Srbac,BA,45.0978,17.525,38.26,98,95,0.6,light rain
331,Rocky Mountain House,CA,52.3668,-114.9188,38.95,86,100,4.61,overcast clouds
332,Sechura,PE,-5.5569,-80.8222,84.27,50,12,13.6,few clouds
333,Camacha,PT,33.0833,-16.3333,63.36,72,20,25.32,few clouds
334,Whitehorse,CA,60.7161,-135.0538,15.1,85,75,5.01,light snow
335,Hasaki,JP,35.7333,140.8333,32.4,45,0,23.6,clear sky
336,Vanimo,PG,-2.6741,141.3028,76.5,90,92,4.81,overcast clouds
337,Meulaboh,ID,4.1363,96.1285,76.26,86,44,3.2,scattered clouds
338,Grindavik,IS,63.8424,-22.4338,45.07,100,100,25.32,light intensity drizzle
339,Zhangye,CN,38.9342,100.4517,24.98,38,93,3.36,overcast clouds
340,Canyon,US,34.9803,-101.9188,20.52,75,99,2.06,overcast clouds
341,Smolenka,RU,52.1352,113.4974,-2.06,84,93,2.24,overcast clouds
342,Tuatapere,NZ,-46.1333,167.6833,54.82,88,100,9.66,overcast clouds
343,Asmara,ER,15.3333,38.9333,48.72,89,70,5.95,broken clouds
344,Pithora,IN,21.2667,82.5167,62.74,38,0,3.09,clear sky
345,Flinders,AU,-34.5833,150.8552,64.18,85,100,1.99,overcast clouds
346,Katsuura,JP,35.1333,140.3,38.19,49,1,20.71,clear sky
347,Vieux-Habitants,GP,16.0589,-61.7659,83.77,67,65,15.77,broken clouds
348,Peringat,MY,6.0333,102.2833,76.98,88,20,2.3,few clouds
349,Naryan-Mar,RU,67.6713,53.087,18.97,93,100,19.26,overcast clouds
350,Tromso,NO,69.6496,18.957,29.05,69,20,9.22,light snow
351,Hegang,CN,47.4,130.3667,-16.19,97,6,4.34,clear sky
352,Tougan,BF,13.0667,-3.0667,78.4,10,0,9.15,clear sky
353,Carnarvon,AU,-24.8667,113.6333,78.87,73,10,12.66,clear sky
354,Bandarbeyla,SO,9.4942,50.8122,77.52,70,60,14.67,broken clouds
355,Dickinson,US,29.4608,-95.0513,46.04,83,100,8.01,overcast clouds
356,Bull Savanna,JM,17.8868,-77.5902,83.25,53,0,16.44,clear sky
357,Severnyy,RU,50.677,36.5532,21.24,86,100,13.42,overcast clouds
358,San Nicolas,PH,18.1725,120.5953,73.56,78,64,6.08,broken clouds
359,Umea,SE,63.8284,20.2597,30.13,64,0,20.71,clear sky
360,Xining,CN,36.6167,101.7667,26.56,40,79,2.01,broken clouds
361,Saint George,US,37.1041,-113.5841,48.67,51,0,1.99,clear sky
362,Udimskiy,RU,61.1417,45.9144,23.72,94,100,9.64,overcast clouds
363,Vao,NC,-22.6667,167.4833,77.09,86,87,17.52,moderate rain
364,Agadez,NE,19.75,10.25,56.89,24,0,6.51,clear sky
365,Vredendal,ZA,-31.6683,18.5012,76.53,31,0,16.96,clear sky
366,Young,UY,-32.6833,-57.6333,96.22,37,24,4.21,few clouds
367,Casma,CL,-41.0082,-73.1244,67.24,30,57,2.68,broken clouds
368,Pevek,RU,69.7008,170.3133,-36.51,96,25,0.89,scattered clouds
369,Pangnirtung,CA,66.1451,-65.7125,-20.2,76,20,2.3,few clouds
370,Carnduff,CA,49.1667,-101.8009,-5.12,85,8,8.79,clear sky
371,Pisco,PE,-13.7,-76.2167,77.05,65,0,11.5,clear sky
372,Daru,PG,-9.0763,143.2092,76.37,90,100,4.5,overcast clouds
373,Chenzhou,CN,25.8,113.0333,51.37,92,98,2.46,overcast clouds
374,Narsaq,GL,60.9167,-46.05,32.22,95,100,14.27,snow
375,Kargasok,RU,59.0556,80.8572,11.52,95,82,6.2,broken clouds
376,Touros,BR,-5.1989,-35.4608,90.5,59,7,15.52,clear sky
377,Lahat,ID,-3.8,103.5333,71.1,97,100,2.57,overcast clouds
378,Mizdah,LY,31.4451,12.9801,50.76,47,87,3.22,overcast clouds
379,Puerto Escondido,MX,15.85,-97.0667,83.23,69,0,6.91,clear sky
380,Beecher,US,43.09,-83.6944,18.61,72,100,1.99,overcast clouds
381,Adrar,MR,20.5022,-10.0711,75.56,14,41,9.62,scattered clouds
382,Artigas,UY,-30.4,-56.4667,103.77,22,1,3.27,clear sky
383,Manzanillo,CU,20.3433,-77.1167,86.25,49,1,5.57,clear sky
384,Mount Hagen,PG,-5.8581,144.2274,59.09,99,97,2.68,overcast clouds
385,Novovasylivka,UA,46.8315,35.7536,36.19,82,67,16.06,broken clouds
386,Amazar,RU,53.858,120.875,-18.6,96,20,2.55,few clouds
387,Iquique,CL,-20.2208,-70.1431,73.44,76,98,6.2,overcast clouds
388,Ust-Nera,RU,64.5667,143.2,-37.12,95,49,5.23,scattered clouds
389,Payo,ID,-3.7508,103.6372,71.35,97,100,1.99,overcast clouds
390,Teknaf,BD,20.8624,92.3058,61.75,85,22,5.01,few clouds
391,Menongue,AO,-14.6585,17.691,64.09,75,75,3.85,broken clouds
392,Stephenville,US,32.2207,-98.2023,28.24,42,100,18.41,overcast clouds
393,Waipawa,NZ,-41.4122,175.5153,50.63,84,33,2.51,scattered clouds
394,Morwell,AU,-38.2333,146.4,58.33,99,22,3.22,few clouds
395,Shaki,AZ,41.0833,47.1667,29.19,91,99,3.42,overcast clouds
396,West Lafayette,US,40.4259,-86.9081,23.81,67,100,8.05,overcast clouds
397,Santa Ines,BR,-3.6667,-45.38,87.01,62,52,2.68,broken clouds
398,Goderich,CA,43.7501,-81.7165,15.91,79,100,12.66,overcast clouds
399,Hambantota,LK,6.1241,81.1185,75.29,72,78,9.48,broken clouds
400,Shelburne,CA,44.0787,-80.2041,8.67,74,88,9.98,overcast clouds
401,Marchena,ES,37.329,-5.4168,57.76,48,0,5.48,clear sky
402,Hofn,IS,64.2539,-15.2082,42.82,81,75,5.75,broken clouds
403,Kollam,IN,8.8833,76.6,82.27,76,41,2.26,scattered clouds
404,Gonbad-E Qabus,IR,37.25,55.1672,46.31,76,20,18.41,few clouds
405,Myanaung,MM,18.2833,95.3167,66.06,81,23,0.56,few clouds
406,Petropavlovsk-Kamchatskiy,RU,53.0452,158.6483,25.39,59,75,6.71,broken clouds
407,Kushmurun,KZ,52.4503,64.6311,3.43,94,100,2.1,overcast clouds
408,Jiancheng,CN,30.391,104.5491,51.01,90,100,3.33,overcast clouds
409,Palencia,ES,42.4167,-4.5,43.92,82,12,10.04,few clouds
410,Leh,IN,34.1667,77.5833,3.15,91,93,3.27,overcast clouds
411,Kualakapuas,ID,-3.0091,114.3876,75.36,98,100,2.3,moderate rain
412,Adre,TD,13.4667,22.2,66.52,21,35,10.42,scattered clouds
413,Taltal,CL,-25.4,-70.4833,70.77,72,47,9.19,scattered clouds
414,Kerman,IR,30.2832,57.0788,46.26,42,0,11.5,clear sky
415,Tipperary,IE,52.4733,-8.1558,42.12,90,8,2.59,clear sky
416,Maun,BW,-19.9833,23.4167,79.47,35,79,10.27,broken clouds
417,Fort Saint James,CA,54.4333,-124.25,38.64,74,68,13.82,broken clouds
418,Sulzbach-Rosenberg,DE,49.4983,11.7517,32.76,85,78,15.23,broken clouds
419,Margate,GB,51.3813,1.3862,39.69,71,61,8.99,broken clouds
420,Starokostyantyniv,UA,49.7576,27.2034,29.48,82,100,16.11,overcast clouds
421,Fort-Shevchenko,KZ,44.5086,50.263,32.79,79,100,23.62,overcast clouds
422,Qandala,SO,11.472,49.8728,75.81,74,55,1.14,broken clouds
423,Banjar,ID,-8.19,114.9675,80.46,89,100,3.6,overcast clouds
424,Porec,HR,45.2258,13.5939,44.67,78,57,4.16,broken clouds
425,Katangli,RU,51.7102,143.2326,8.37,80,100,17.31,overcast clouds
426,Kavaje,AL,41.1856,19.5569,50.16,67,94,8.77,overcast clouds
427,Cameron Park,US,38.6688,-120.9872,61.29,72,23,1.99,few clouds
428,Kirakira,SB,-10.4544,161.9205,78.53,90,67,13.67,broken clouds
429,Millerovo,RU,48.9226,40.3967,10.0,97,63,7.34,broken clouds
430,Constitucion,CL,-35.3333,-72.4167,66.6,50,0,13.98,clear sky
431,Batticaloa,LK,7.7102,81.6924,75.13,66,91,6.13,overcast clouds
432,Teguldet,RU,57.3064,88.1667,6.62,98,96,4.32,overcast clouds
433,Santa Cruz,BO,-17.8,-63.1667,95.05,46,75,16.11,broken clouds
434,Nouadhibou,MR,20.931,-17.0347,71.58,68,99,11.5,overcast clouds
435,College,US,64.8569,-147.8028,-6.02,78,40,0.0,scattered clouds
436,Faya,SA,18.3851,42.4509,55.51,79,5,2.86,clear sky
437,San Policarpo,PH,12.1791,125.5072,77.68,84,100,10.49,overcast clouds
438,Guaratinga,BR,-16.5667,-39.5667,83.07,60,66,4.16,broken clouds
439,Upata,VE,8.0086,-62.3989,81.19,61,87,6.67,overcast clouds
440,Gat,IL,31.61,34.7642,49.41,100,22,4.27,few clouds
441,Kandiari,PK,26.9156,68.5216,68.92,39,2,7.74,clear sky
442,Perth,AU,-31.9333,115.8333,88.02,36,0,4.61,clear sky
443,Koumac,NC,-20.5667,164.2833,78.49,82,31,5.03,scattered clouds
444,Maarianhamina,AX,60.0973,19.9348,31.86,64,75,21.85,broken clouds
445,Ahipara,NZ,-35.1667,173.1667,62.28,66,98,9.13,overcast clouds
446,San Borja,BO,-14.8167,-66.85,85.48,67,97,2.21,overcast clouds
447,Tawang,IN,27.5833,91.8667,25.0,91,98,3.69,overcast clouds
448,Caracollo,PE,-14.9165,-70.6603,52.9,65,97,5.97,overcast clouds
449,Sicamous,CA,50.8331,-118.9856,35.19,98,100,2.77,overcast clouds
450,Kaeo,NZ,-35.1,173.7833,63.32,81,98,5.37,overcast clouds
451,Shenjiamen,CN,29.9576,122.298,45.88,64,100,9.57,overcast clouds
452,Ternate,ID,0.8,127.4,79.41,83,100,5.7,overcast clouds
453,Messina,IT,38.1933,15.5497,55.44,68,75,4.0,broken clouds
454,Tiznit,MA,29.5833,-9.5,61.83,23,99,2.08,overcast clouds
455,Martil,MA,35.6166,-5.2752,59.07,72,20,12.66,few clouds
456,Roebourne,AU,-20.7833,117.1333,85.41,64,5,16.11,clear sky
457,Zhenlai,CN,45.8495,123.2973,-10.59,98,85,2.75,overcast clouds
458,Spencer,US,43.1414,-95.1444,2.88,69,0,5.75,clear sky
459,Le Moule,GP,16.3332,-61.3473,84.24,100,50,7.0,scattered clouds
460,Siguiri,GN,11.6667,-9.5,86.7,11,6,5.53,clear sky
461,Jining,CN,35.405,116.5814,27.86,52,7,5.32,clear sky
462,Egvekinot,RU,66.3167,-179.1667,-13.49,67,0,13.47,clear sky
463,Hamilton,US,39.1834,-84.5333,28.74,54,40,1.01,scattered clouds
464,Yar-Sale,RU,66.8333,70.8333,14.58,88,98,21.32,overcast clouds
465,Honningsvag,NO,70.9821,25.9704,33.55,80,100,33.38,light snow
466,Luderitz,NA,-26.6481,15.1594,73.87,68,60,14.18,broken clouds
467,Sakakah,SA,29.9697,40.2064,44.17,45,0,5.37,clear sky
468,Kenai,US,60.5544,-151.2583,23.14,93,100,4.61,mist
469,Bahia Blanca,AR,-38.7196,-62.2724,73.69,73,94,9.42,overcast clouds
470,Asau,RO,46.4333,26.4,38.32,77,49,8.99,scattered clouds
471,Ballitoville,ZA,-29.539,31.2144,76.24,78,0,12.66,clear sky
472,Makakilo City,US,21.3469,-158.0858,73.72,87,0,5.75,clear sky
473,Paeroa,NZ,-37.3667,175.6667,57.97,86,92,2.06,overcast clouds
474,Sarakhs,IR,36.5449,61.1577,35.74,75,0,0.0,clear sky
475,Wukari,NG,7.85,9.7833,80.76,17,17,6.13,few clouds
476,Albury,AU,-36.0833,146.9167,62.51,88,15,3.44,few clouds
477,Sombrerete,MX,23.6333,-103.65,61.7,23,100,6.85,overcast clouds
478,Chama,CH,47.1821,8.4636,37.56,94,100,2.3,overcast clouds
479,Markova,UA,48.6758,24.4138,31.59,90,88,10.47,light snow
480,Huangmei,CN,30.1924,116.025,43.88,83,100,8.84,light rain
481,Sidi Ali,DZ,36.0998,0.4206,49.48,78,89,7.25,overcast clouds
482,Sinnamary,GF,5.3833,-52.95,82.18,73,59,7.99,broken clouds
483,Santa Marta De Tormes,ES,40.9506,-5.6272,46.42,72,0,4.61,clear sky
484,Chicama,PE,-7.8447,-79.1469,72.14,56,9,12.86,clear sky
485,Pervomayskoye,RU,43.919,46.7102,29.98,71,100,5.82,overcast clouds
486,Ruteng,ID,-8.6136,120.4721,61.88,89,100,2.84,overcast clouds
487,Tadine,NC,-21.55,167.8833,78.35,85,100,11.92,light rain
488,San Giustino,IT,43.5495,12.1736,46.51,72,98,3.38,overcast clouds
489,Fougamou,GA,-1.2154,10.5838,75.83,91,92,2.19,moderate rain
490,Macamic,CA,48.7502,-78.9996,-14.57,86,54,8.37,broken clouds
491,Calabar,NG,4.9517,8.322,81.86,59,92,6.85,overcast clouds
492,Andenes,NO,69.3143,16.1194,33.78,75,75,33.38,broken clouds
493,Laela,TZ,-8.5667,32.05,61.27,93,100,1.97,overcast clouds
494,Plettenberg Bay,ZA,-34.0527,23.3716,69.76,86,5,9.53,clear sky
495,Sompeta,IN,18.9333,84.6,69.62,85,28,7.18,scattered clouds
496,Namibe,AO,-15.1961,12.1522,72.81,73,93,9.33,overcast clouds
497,Tiarei,PF,-17.5333,-149.3333,80.62,79,100,22.01,overcast clouds
498,Nemuro,JP,43.3236,145.575,26.6,77,67,22.24,broken clouds
499,Airai,TL,-8.9266,125.4092,60.51,99,100,1.57,overcast clouds
500,Lubao,PH,14.9167,120.55,78.82,84,83,4.92,broken clouds
501,Novoagansk,RU,61.9449,76.6625,11.1,96,99,7.49,overcast clouds
502,Komsomolskiy,UZ,40.4272,71.7189,36.82,80,1,2.3,clear sky
503,Teya,RU,60.3778,92.6267,6.75,97,97,4.65,overcast clouds
504,Saint-Francois,FR,46.4154,3.9054,39.67,76,0,6.91,clear sky
505,Marzuq,YE,14.4,46.4667,65.97,55,33,6.46,scattered clouds
506,Guozhen,CN,34.3659,107.359,33.84,86,100,5.79,light snow
507,Cedar City,US,37.6775,-113.0619,33.4,69,0,0.0,clear sky
508,Kharp,RU,66.8014,65.8081,4.01,99,100,1.23,overcast clouds
509,Thompson,CA,55.7435,-97.8558,-18.24,76,75,6.91,broken clouds
510,Homer,US,59.6425,-151.5483,24.76,91,0,3.44,clear sky
511,Hinton,CA,53.4001,-117.5857,32.11,87,100,9.95,overcast clouds
512,Wattegama,LK,6.7989,81.4808,68.56,81,96,3.6,overcast clouds
513,Sola,VU,-13.8833,167.55,83.1,75,100,13.04,overcast clouds
514,Ardahan,TR,41.1087,42.7022,3.45,97,75,5.08,light snow
515,Mansa,IN,29.9833,75.3833,51.69,89,5,5.39,clear sky
516,Nongpoh,IN,25.9,91.8833,54.97,94,73,2.37,broken clouds
517,Mobaye,CF,4.319,21.1786,80.55,31,40,2.19,scattered clouds
518,Hit,IQ,33.6416,42.8251,42.93,25,0,17.54,clear sky
519,Avera,US,33.194,-82.5271,56.71,93,100,4.88,overcast clouds
520,Spearfish,US,44.4908,-103.8594,34.27,48,0,1.01,clear sky
521,Shache,CN,38.4167,77.2406,34.72,31,0,5.64,clear sky
522,Portland,US,45.5234,-122.6762,55.83,94,75,1.01,broken clouds
523,Kaniama,CD,-7.5667,24.1833,68.2,94,95,2.39,light rain
524,Ewa Beach,US,21.3156,-158.0072,75.15,86,1,5.01,clear sky
525,Iskateley,RU,67.6803,53.1512,18.81,92,100,19.37,overcast clouds
526,Jijiga,ET,9.35,42.8,62.15,78,9,18.92,clear sky
527,Taoudenni,ML,22.6783,-3.9836,70.61,14,0,8.68,clear sky
528,Oranjestad,AW,12.524,-70.027,84.15,65,40,28.77,scattered clouds
529,Bogorodskoye,RU,56.55,37.8833,26.26,90,100,16.13,light snow
530,Ereymentau,KZ,51.6199,73.1033,1.2,90,35,4.52,scattered clouds
531,Haines Junction,CA,60.7522,-137.5108,13.95,67,93,14.97,overcast clouds
532,Youghal,IE,51.95,-7.8506,43.81,81,6,5.7,clear sky
533,Mayor Pablo Lagerenza,PY,-19.9309,-60.7718,100.98,25,65,10.63,broken clouds
534,Ubauro,PK,28.1652,69.7289,64.26,38,0,6.73,clear sky
535,Umm Lajj,SA,25.0213,37.2685,65.37,43,0,16.6,clear sky
536,Manta,EC,-0.95,-80.7333,83.98,61,40,14.97,scattered clouds
537,Snasa,NO,64.2457,12.3778,31.41,93,100,14.16,light snow
538,Muisne,EC,0.6,-80.0333,82.51,82,92,13.15,light rain
539,Waddan,LY,29.1614,16.139,54.07,53,35,5.64,scattered clouds
540,Salalah,OM,17.0151,54.0924,77.09,78,0,5.75,clear sky
541,Kushima,JP,31.4583,131.2333,41.99,77,93,6.17,overcast clouds
542,Vanavara,RU,60.34,102.2797,9.93,95,99,5.44,overcast clouds
543,Iralaya,HN,15.0,-83.2333,75.29,80,9,11.34,clear sky
544,Luwuk,ID,-0.9516,122.7875,77.61,80,99,3.04,overcast clouds
545,Hovd,MN,48.0056,91.6419,5.67,92,100,3.71,overcast clouds
546,Warrnambool,AU,-38.3833,142.4833,59.07,85,0,9.62,clear sky
547,Chimbote,PE,-9.0853,-78.5783,77.54,70,24,13.35,few clouds
548,Irbeyskoye,RU,55.6428,95.4522,-11.7,100,90,2.84,overcast clouds
549,Saiha,IN,22.4833,92.9667,50.68,81,3,3.22,clear sky
550,Kaupanger,NO,61.1845,7.2404,30.69,74,40,11.5,scattered clouds
551,Cururupu,BR,-1.8283,-44.8683,86.63,60,23,6.85,few clouds
552,Rorvik,NO,64.8621,11.2373,32.11,64,40,18.41,scattered clouds
553,Aqtobe,KZ,50.2797,57.2072,8.69,85,40,4.47,light snow
554,Luang Prabang,LA,19.8856,102.1347,59.76,98,8,0.89,clear sky
555,Cayenne,GF,4.9333,-52.3333,84.24,82,75,4.0,broken clouds
556,Chapais,CA,49.7834,-74.8492,-15.02,88,91,8.37,overcast clouds
557,Belyy Yar,RU,53.6039,91.3903,-9.51,97,100,2.24,mist
558,Nhulunbuy,AU,-12.2333,136.7667,81.21,89,40,0.0,scattered clouds
559,Denpasar,ID,-8.65,115.2167,80.26,88,40,12.66,scattered clouds
560,Vada,NL,51.97,5.6667,39.11,87,75,9.22,light intensity drizzle
561,Chabahar,IR,25.2919,60.643,74.16,68,1,18.66,clear sky
562,Bobrov,RU,51.0961,40.0333,6.24,95,24,9.8,few clouds
563,Saraland,US,30.8207,-88.0706,58.21,91,100,9.71,overcast clouds
564,Halacho,MX,20.4833,-90.0833,84.02,39,8,5.14,clear sky
565,Plouzane,FR,48.3833,-4.6167,46.45,74,100,6.91,overcast clouds
566,Saravan,AM,39.7196,45.6483,7.39,84,99,5.84,overcast clouds
567,Khuzhir,RU,53.1939,107.3397,13.55,91,96,2.8,overcast clouds
568,Islamkot,PK,24.6997,70.177,73.4,38,0,1.32,clear sky
569,Duque De Caxias,BR,-22.7856,-43.3117,89.74,62,40,13.8,scattered clouds
570,Ambilobe,MG,-13.2,49.05,73.54,96,100,3.53,light rain
571,Impfondo,CG,1.6381,18.0667,82.09,37,98,2.24,overcast clouds
572,Praya,CV,14.9215,-23.5087,77.54,61,75,17.27,broken clouds
573,Leninskoye,KZ,41.7589,69.3864,37.33,31,0,5.46,clear sky
574,Hervey Bay,AU,-25.2986,152.8535,76.01,78,97,4.0,overcast clouds
575,Zmeinogorsk,RU,51.1567,82.195,-10.41,100,95,3.13,overcast clouds
576,Yarmouth,US,41.7057,-70.2286,36.97,94,100,15.99,light rain
577,Lillooet,CA,50.6856,-121.942,39.92,92,85,5.95,overcast clouds
578,Calnali,MX,20.9167,-98.5833,60.33,76,64,5.37,broken clouds
579,Aleksandrovskiy Zavod,RU,50.9237,117.9374,-1.75,99,100,0.47,overcast clouds
580,Panaba,MX,21.2833,-88.2667,86.13,42,0,8.03,clear sky
581,Vadinsk,RU,53.6916,43.0574,9.37,93,60,14.65,broken clouds
582,Teeli,RU,51.0333,90.2333,5.72,91,97,1.9,overcast clouds
583,Noyabrsk,RU,63.1994,75.4507,11.19,94,89,15.88,overcast clouds
584,Garoua,CM,9.3,13.4,84.6,12,0,5.75,clear sky
585,North Platte,US,41.1239,-100.7654,13.06,54,100,8.99,overcast clouds
586,Ayagoz,KZ,47.9714,80.4392,-13.09,100,74,7.65,broken clouds
587,Ustka,PL,54.5805,16.8619,31.6,51,79,26.28,broken clouds
588,Nago,JP,26.5881,127.9761,59.16,66,39,11.03,scattered clouds
589,Khorinsk,RU,52.1657,109.7726,-2.0,99,95,0.25,overcast clouds
590,Yerbogachen,RU,61.2767,108.0108,7.83,96,97,5.59,overcast clouds
591,Union Hidalgo,MX,16.4723,-94.8295,87.67,38,21,11.5,few clouds
592,Chistogorskiy,RU,53.9835,87.3843,-0.72,100,89,2.28,overcast clouds
593,Qui Nhon,VN,13.7667,109.2333,69.49,89,75,7.74,broken clouds
594,North Bend,US,43.4065,-124.2243,53.24,100,100,0.0,overcast clouds
595,San Francisco,US,37.7749,-122.4194,61.52,89,100,1.01,fog
596,Crossville,US,35.949,-85.0269,31.46,94,100,8.99,mist
597,Dinguiraye,GN,11.3,-10.7167,85.24,12,33,4.99,scattered clouds
598,Biak,ID,-0.9131,122.8766,76.24,80,98,3.56,overcast clouds
599,Maryville,US,35.7565,-83.9705,37.42,91,100,3.0,overcast clouds
600,Qaqortoq,GL,60.7167,-46.0333,32.5,90,100,21.14,snow
601,Sharan,RU,54.8167,54.0,0.77,96,66,4.94,broken clouds
602,Badlapur,IN,19.15,73.2667,75.0,50,2,0.94,clear sky
603,Sur,OM,22.5667,59.5289,73.6,83,6,8.37,clear sky
604,Broken Hill,AU,-31.95,141.4333,73.11,60,40,6.91,scattered clouds
605,San Pedro,PH,14.35,121.0167,78.03,78,75,2.3,broken clouds
606,Havre-Saint-Pierre,CA,50.2334,-63.5986,14.59,72,40,8.05,scattered clouds
607,Seydi,TM,39.4816,62.9137,41.45,54,0,12.35,clear sky
608,Baraki Barak,AF,33.9675,68.9486,14.13,71,0,2.57,clear sky
609,Sainte-Maxime,FR,43.3,6.6333,51.26,51,0,4.94,clear sky
610,Rameswaram,IN,9.2833,79.3,79.03,64,68,14.9,broken clouds
611,Cabra,ES,37.4725,-4.4421,51.24,52,0,4.05,clear sky
612,Nyurba,RU,63.2842,118.3319,2.48,97,99,5.77,overcast clouds
613,El Dorado,US,38.7666,-120.5177,57.22,55,37,1.99,scattered clouds
614,Kalamazoo,US,42.2506,-85.55,21.04,69,100,6.91,overcast clouds
615,Tubmanburg,LR,6.8708,-10.8172,84.81,49,98,5.79,overcast clouds
616,Linqiong,CN,30.4159,103.4609,49.82,85,97,0.98,overcast clouds
617,Inuvik,CA,68.3499,-133.7218,-14.76,69,75,4.61,broken clouds
618,Barwani,IN,22.0333,74.9,71.08,53,0,6.51,clear sky
619,Bayir,TR,37.2687,28.2167,41.52,51,0,1.32,clear sky
620,Sayat,TM,38.7839,63.8803,42.67,44,0,11.56,clear sky
621,Nanchang,CN,28.6833,115.8833,49.8,79,100,9.1,light rain
622,Gazanjyk,TM,39.2446,55.5154,37.22,81,39,5.97,scattered clouds
623,Mastic Beach,US,40.7668,-72.8521,34.07,93,90,3.0,snow
624,Takoradi,GH,4.8845,-1.7554,81.9,63,49,7.05,scattered clouds
625,Maragogi,BR,-9.0122,-35.2225,84.13,66,7,9.93,clear sky
626,Goure,NE,13.9835,10.2704,67.01,14,7,10.0,clear sky
627,Suoyarvi,RU,62.0833,32.35,29.37,98,100,4.36,snow
628,Husavik,IS,66.0449,-17.3389,46.31,85,100,16.78,overcast clouds
629,Porteirinha,BR,-15.7433,-43.0283,84.34,58,16,6.64,few clouds
630,Massaguet,TD,12.4755,15.4365,77.04,15,60,9.57,broken clouds
631,Los Zacatones,MX,22.95,-102.05,65.64,21,100,3.18,overcast clouds
632,Merritt Island,US,28.5392,-80.672,79.09,58,0,6.91,clear sky
633,Yamada,JP,39.4667,141.95,25.09,82,75,5.55,broken clouds
634,Chumikan,RU,54.7183,135.315,-10.21,87,34,18.61,scattered clouds
635,Santa Vitoria Do Palmar,BR,-33.5189,-53.3681,83.12,74,36,12.26,scattered clouds
636,Santa Isabel,BR,-23.3156,-46.2214,91.65,55,7,2.15,clear sky
637,Troitsko-Pechorsk,RU,62.7084,56.1964,12.74,94,100,10.92,light snow
638,Ullapool,GB,57.8987,-5.1604,42.35,86,100,8.81,overcast clouds
639,Los Corrales De Buelna,ES,43.2636,-4.0726,52.11,93,100,1.99,overcast clouds
640,Wajima,JP,37.4,136.9,33.84,78,100,21.74,light snow
641,Ontario,US,34.0633,-117.6509,71.28,37,0,3.0,clear sky
642,Kisesa,TZ,-3.0833,34.15,68.0,75,88,6.58,overcast clouds
643,Oranjemund,NA,-28.55,16.4333,68.32,73,1,13.31,clear sky
644,Big Spring,US,32.2504,-101.4787,28.27,38,100,7.0,overcast clouds
645,La Asuncion,VE,11.0333,-63.8628,80.29,69,10,18.45,clear sky
646,Mitsamiouli,KM,-11.3847,43.2844,82.69,78,75,6.91,broken clouds
647,Padang,ID,-0.9492,100.3543,76.59,79,97,2.84,overcast clouds
648,Maloy,NO,61.9353,5.1136,35.73,83,100,3.0,overcast clouds
649,Alyangula,AU,-13.8483,136.4192,78.67,100,75,0.0,broken clouds
650,Vanderhoof,CA,54.0166,-124.0198,39.02,74,55,15.03,broken clouds
651,Polunochnoye,RU,60.8697,60.4153,6.51,96,30,5.97,scattered clouds
652,Ko Samui,TH,9.5357,99.9357,80.8,74,9,16.62,clear sky
653,Victor Harbor,AU,-35.5667,138.6167,80.8,49,1,9.46,clear sky
654,Aklavik,CA,68.2191,-135.0107,-14.8,70,75,9.22,broken clouds
655,San Rafael,AR,-34.6177,-68.3301,84.74,30,3,8.12,clear sky
656,Valdez,EC,1.2492,-78.9831,80.01,82,91,9.66,light rain
657,Fairbanks,US,64.8378,-147.7164,-6.02,78,1,0.0,clear sky
658,Merauke,ID,-8.4667,140.3333,77.54,88,97,6.04,overcast clouds
659,Haysyn,UA,48.8114,29.3898,29.26,97,59,9.8,light snow
660,Alta Gracia,AR,-31.6529,-64.4283,82.53,74,97,5.99,overcast clouds
661,Dudinka,RU,69.4058,86.1778,5.09,95,100,19.91,light snow
662,Ucluelet,CA,48.9329,-125.5528,46.09,94,99,5.99,overcast clouds
663,Ndende,GA,-2.4008,11.3581,74.82,92,87,3.89,moderate rain
664,Humberto De Campos,BR,-2.5983,-43.4611,87.4,58,82,10.22,broken clouds
665,Tres Arroyos,AR,-38.3739,-60.2798,76.84,66,87,12.59,overcast clouds
666,Opuwo,NA,-18.0607,13.84,74.23,32,100,7.94,overcast clouds
667,Dunmore Town,BS,25.5,-76.65,74.95,76,1,12.44,clear sky
668,Knysna,ZA,-34.0363,23.0471,70.18,84,13,7.49,few clouds
669,Asfi,MA,32.2994,-9.2372,61.47,65,100,7.67,overcast clouds
670,Beyneu,KZ,45.3167,55.2,29.7,83,100,9.44,overcast clouds
671,Carahue,CL,-38.7,-73.1667,68.2,35,7,10.49,clear sky
672,Nancy,FR,48.6667,6.1667,37.72,78,0,10.36,clear sky
673,Freeport,US,40.6576,-73.5832,35.02,83,100,4.0,light snow
674,Benguela,AO,-12.5763,13.4055,76.46,66,84,7.02,broken clouds
675,Shalazhi,RU,43.0978,45.3608,25.95,93,97,3.49,overcast clouds
676,Troy,US,42.6056,-83.1499,21.56,58,90,1.99,overcast clouds
677,Atambua,ID,-9.1061,124.8925,72.91,96,100,6.96,overcast clouds
678,Salamanca,ES,40.8333,-6.0,42.58,82,2,7.58,clear sky
679,Kirovskiy,RU,45.0917,133.5136,-18.17,100,92,1.5,overcast clouds
680,Harper,LR,4.375,-7.7169,81.82,70,19,7.78,few clouds
681,Rondonopolis,BR,-16.4708,-54.6356,87.73,62,94,5.03,overcast clouds
682,Mitu,CO,1.1983,-70.1733,76.6,94,100,1.43,overcast clouds
683,Maldonado,UY,-34.6667,-54.9167,78.22,78,95,13.22,overcast clouds
684,Wanning,CN,18.8003,110.3967,68.56,79,68,4.7,broken clouds
685,Kandrian,PG,-6.2167,149.55,76.91,90,100,4.25,light rain
686,Port Hawkesbury,CA,45.6169,-61.3485,40.17,99,100,11.5,overcast clouds
687,San Cristobal,VE,7.7669,-72.225,77.18,45,97,7.02,overcast clouds
688,Oum Hadjer,TD,13.2954,19.6966,71.92,21,31,10.45,scattered clouds
689,Bloomfield,US,40.8068,-74.1854,34.92,80,90,5.99,light snow
690,Luanda,AO,-8.8368,13.2343,80.6,65,20,9.22,few clouds
691,Dhidhdhoo,MV,6.8833,73.1,81.27,67,37,9.42,scattered clouds
692,Qujing,CN,25.4833,103.7833,40.53,89,33,4.83,scattered clouds
693,Manaus,BR,-3.1019,-60.025,86.5,74,40,6.91,scattered clouds
694,Lingyuan,CN,41.24,119.4011,11.12,52,1,2.06,clear sky
695,Emborion,GR,40.4833,21.55,37.76,72,0,4.99,clear sky
696,Micheweni,TZ,-4.9667,39.8333,81.9,78,100,13.22,overcast clouds
697,Ordynskoye,RU,54.3656,81.8994,-5.13,100,69,3.27,broken clouds
